{
  "tv_白眼": "bilibili_tv/baiyan.png",
  "tv_doge": "bilibili_tv/doge.png",
  "tv_坏笑": "bilibili_tv/huaixiao.png",
  "tv_难过": "bilibili_tv/nanguo.png",
  "tv_生气": "bilibili_tv/shengqi.png",
  "tv_委屈": "bilibili_tv/weiqu.png",
  "tv_斜眼笑": "bilibili_tv/xieyanxiao.png",
  "tv_呆": "bilibili_tv/fadai.png",
  "tv_发怒": "bilibili_tv/fanu.png",
  "tv_惊吓": "bilibili_tv/jingxia.png",
  "tv_呕吐": "bilibili_tv/outu.png",
  "tv_思考": "bilibili_tv/sikao.png",
  "tv_微笑": "bilibili_tv/weixiao.png",
  "tv_疑问": "bilibili_tv/yiwen.png",
  "tv_大哭": "bilibili_tv/daku.png",
  "tv_鼓掌": "bilibili_tv/guzhang.png",
  "tv_抠鼻": "bilibili_tv/koubi.png",
  "tv_亲亲": "bilibili_tv/qinqin.png",
  "tv_调皮": "bilibili_tv/tiaopi.png",
  "tv_笑哭": "bilibili_tv/xiaoku.png",
  "tv_晕": "bilibili_tv/yun.png",
  "tv_点赞": "bilibili_tv/dianzan.png",
  "tv_害羞": "bilibili_tv/haixiu.png",
  "tv_睡着": "bilibili_tv/shuizhao.png",
  "tv_色": "bilibili_tv/se.png",
  "tv_吐血": "bilibili_tv/tuxue.png",
  "tv_无奈": "bilibili_tv/wunai.png",
  "tv_再见": "bilibili_tv/zaijian.png",
  "tv_流汗": "bilibili_tv/liuhan.png",
  "tv_偷笑": "bilibili_tv/touxiao.png",
  "tv_抓狂": "bilibili_tv/zhuakuang.png",
  "tv_黑人问号": "bilibili_tv/heirenwenhao.png",
  "tv_困": "bilibili_tv/kun2.png",
  "tv_打脸": "bilibili_tv/dalian.png",
  "tv_闭嘴": "bilibili_tv/bizui.png",
  "tv_鄙视": "bilibili_tv/bishi.png",
  "tv_腼腆": "bilibili_tv/miantian.png",
  "tv_馋": "bilibili_tv/chan.png",
  "tv_可爱": "bilibili_tv/keai.png",
  "tv_发财": "bilibili_tv/facai.png",
  "tv_生病": "bilibili_tv/shengbing.png",
  "tv_流鼻血": "bilibili_tv/liubixue.png",
  "tv_尴尬": "bilibili_tv/ganga.png",
  "tv_大佬": "bilibili_tv/dalao.png",
  "tv_流泪": "bilibili_tv/liulei.png",
  "tv_冷漠": "bilibili_tv/lengmo.png",
  "tv_皱眉": "bilibili_tv/zhoumei.png",
  "tv_鬼脸": "bilibili_tv/guilian.png",
  "tv_调侃": "bilibili_tv/tiaokan.png",
  "tv_目瞪口呆": "bilibili_tv/mudengkoudai.png"
}