{
  "tv_白眼": "bilibili_tv/baiyan.png",
  "tv_doge": "bilibili_tv/doge.png",
  "tv_坏笑": "bilibili_tv/huaixiao.png",
  "tv_难过": "bilibili_tv/nanguo.png",
  "tv_生气": "bilibili_tv/shengqi.png",
  "tv_委屈": "bilibili_tv/weiqu.png",
  "tv_斜眼笑": "bilibili_tv/xieyanxiao.png",
  "tv_呆": "bilibili_tv/fadai.png",
  "tv_发怒": "bilibili_tv/fanu.png",
  "tv_惊吓": "bilibili_tv/jingxia.png",
  "tv_呕吐": "bilibili_tv/outu.png",
  "tv_思考": "bilibili_tv/sikao.png",
  "tv_微笑": "bilibili_tv/weixiao.png",
  "tv_疑问": "bilibili_tv/yiwen.png",
  "tv_大哭": "bilibili_tv/daku.png",
  "tv_鼓掌": "bilibili_tv/guzhang.png",
  "tv_抠鼻": "bilibili_tv/koubi.png",
  "tv_亲亲": "bilibili_tv/qinqin.png",
  "tv_调皮": "bilibili_tv/tiaopi.png",
  "tv_笑哭": "bilibili_tv/xiaoku.png",
  "tv_晕": "bilibili_tv/yun.png",
  "tv_点赞": "bilibili_tv/dianzan.png",
  "tv_害羞": "bilibili_tv/haixiu.png",
  "tv_睡着": "bilibili_tv/shuizhao.png",
  "tv_色": "bilibili_tv/se.png",
  "tv_吐血": "bilibili_tv/tuxue.png",
  "tv_无奈": "bilibili_tv/wunai.png",
  "tv_再见": "bilibili_tv/zaijian.png",
  "tv_流汗": "bilibili_tv/liuhan.png",
  "tv_偷笑": "bilibili_tv/touxiao.png",
  "tv_抓狂": "bilibili_tv/zhuakuang.png",
  "tv_黑人问号": "bilibili_tv/heirenwenhao.png",
  "tv_困": "bilibili_tv/kun2.png",
  "tv_打脸": "bilibili_tv/dalian.png",
  "tv_闭嘴": "bilibili_tv/bizui.png",
  "tv_鄙视": "bilibili_tv/bishi.png",
  "tv_腼腆": "bilibili_tv/miantian.png",
  "tv_馋": "bilibili_tv/chan.png",
  "tv_可爱": "bilibili_tv/keai.png",
  "tv_发财": "bilibili_tv/facai.png",
  "tv_生病": "bilibili_tv/shengbing.png",
  "tv_流鼻血": "bilibili_tv/liubixue.png",
  "tv_尴尬": "bilibili_tv/ganga.png",
  "tv_大佬": "bilibili_tv/dalao.png",
  "tv_流泪": "bilibili_tv/liulei.png",
  "tv_冷漠": "bilibili_tv/lengmo.png",
  "tv_皱眉": "bilibili_tv/zhoumei.png",
  "tv_鬼脸": "bilibili_tv/guilian.png",
  "tv_调侃": "bilibili_tv/tiaokan.png",
  "tv_目瞪口呆": "bilibili_tv/mudengkoudai.png",
  "2020": "bilibili_face/dc709fac0d361370bcf0d36d32adb97df7c95824.png",
  "加油武汉": "bilibili_face/eb966aaa5b690d3f9308a9f936f5b5a72a7f956b.png",
  "口罩": "bilibili_face/3ad2f66b151496d2a5fb0a8ea75f32265d778dd3.png",
  "鸡腿": "bilibili_face/c7860392815d345fa69c4f00ef18d67dccfbd574.png",
  "微笑": "bilibili_face/685612eadc33f6bc233776c6241813385844f182.png",
  "笑": "bilibili_face/81edf17314cea3b48674312b4364df44d5c01f17.png",
  "龇牙": "bilibili_face/b5a5898491944a4268360f2e7a84623149672eb6.png",
  "OK": "bilibili_face/4683fd9ffc925fa6423110979d7dcac5eda297f4.png",
  "星星眼": "bilibili_face/63c9d1a31c0da745b61cdb35e0ecb28635675db2.png",
  "哦呼": "bilibili_face/362bded07ea5434886271d23fa25f5d85d8af06c.png",
  "嫌弃": "bilibili_face/de4c0783aaa60ec03de0a2b90858927bfad7154b.png",
  "喜欢": "bilibili_face/8a10a4d73a89f665feff3d46ca56e83dc68f9eb8.png",
  "酸了": "bilibili_face/92b1c8cbceea3ae0e8e32253ea414783e8ba7806.png",
  "大哭": "bilibili_face/2caafee2e5db4db72104650d87810cc2c123fc86.png",
  "害羞": "bilibili_face/9d2ec4e1fbd6cb1b4d12d2bbbdd124ccb83ddfda.png",
  "无语": "bilibili_face/44667b7d9349957e903b1b62cb91fb9b13720f04.png",
  "问号": "bilibili_face/b7840db4b1f9f4726b7cb23c0972720c1698d661.png",
  "调皮": "bilibili_face/8290b7308325e3179d2154327c85640af1528617.png",
  "喜极而泣": "bilibili_face/485a7e0c01c2d70707daae53bee4a9e2e31ef1ed.png",
  "奸笑": "bilibili_face/bb84906573472f0a84cebad1e9000eb6164a6f5a.png",
  "偷笑": "bilibili_face/6c49d226e76c42cd8002abc47b3112bc5a92f66a.png",
  "大笑": "bilibili_face/ca94ad1c7e6dac895eb5b33b7836b634c614d1c0.png",
  "阴险": "bilibili_face/ba8d5f8e7d136d59aab52c40fd3b8a43419eb03c.png",
  "捂脸": "bilibili_face/6921bb43f0c634870b92f4a8ad41dada94a5296d.png",
  "囧": "bilibili_face/12e41d357a9807cc80ef1e1ed258127fcc791424.png",
  "呆": "bilibili_face/33ad6000d9f9f168a0976bc60937786f239e5d8c.png",
  "抠鼻": "bilibili_face/cb89184c97e3f6d50acfd7961c313ce50360d70f.png",
  "惊喜": "bilibili_face/0afecaf3a3499479af946f29749e1a6c285b6f65.png",
  "惊讶": "bilibili_face/f8e9a59cad52ae1a19622805696a35f0a0d853f3.png",
  "笑哭": "bilibili_face/c3043ba94babf824dea03ce500d0e73763bf4f40.png",
  "妙啊": "bilibili_face/b4cb77159d58614a9b787b91b1cd22a81f383535.png",
  "doge": "bilibili_face/bba7c12aa51fed0199c241465560dfc2714c593e.png",
  "滑稽": "bilibili_face/d15121545a99ac46774f1f4465b895fe2d1411c3.png",
  "吃瓜": "bilibili_face/4191ce3c44c2b3df8fd97c33f85d3ab15f4f3c84.png",
  "打call": "bilibili_face/431432c43da3ee5aab5b0e4f8931953e649e9975.png",
  "点赞": "bilibili_face/1a67265993913f4c35d15a6028a30724e83e7d35.png",
  "鼓掌": "bilibili_face/895d1fc616b4b6c830cf96012880818c0e1de00d.png",
  "冷": "bilibili_face/cb0ebbd0668640f07ebfc0e03f7a18a8cd00b4ed.png",
  "灵魂出窍": "bilibili_face/43d3db7d97343c01b47e22cfabeca84b4251f35a.png",
  "尴尬": "bilibili_face/cb321684ed5ce6eacdc2699092ab8fe7679e4fda.png",
  "傲娇": "bilibili_face/010540d0f61220a0db4922e4a679a1d8eca94f4e.png",
  "疼": "bilibili_face/905fd9a99ec316e353b9bd4ecd49a5f0a301eabf.png",
  "委屈": "bilibili_face/d2f26cbdd6c96960320af03f5514c5b524990840.png",
  "吓": "bilibili_face/9c10c5ebc7bef27ec641b8a1877674e0c65fea5d.png",
  "生病": "bilibili_face/0f25ce04ae1d7baf98650986454c634f6612cb76.png",
  "吐": "bilibili_face/06946bfe71ac48a6078a0b662181bb5cad09decc.png",
  "嘘声": "bilibili_face/e64af664d20716e090f10411496998095f62f844.png",
  "捂眼": "bilibili_face/c5c6d6982e1e53e478daae554b239f2b227b172b.png",
  "思考": "bilibili_face/cfa9b7e89e4bfe04bbcd34ccb1b0df37f4fa905c.png",
  "再见": "bilibili_face/fc510306bae26c9aec7e287cdf201ded27b065b9.png",
  "翻白眼": "bilibili_face/eba54707c7168925b18f6f8b1f48d532fe08c2b1.png",
  "哈欠": "bilibili_face/888d877729cbec444ddbd1cf4c9af155a7a06086.png",
  "奋斗": "bilibili_face/bb2060c15dba7d3fd731c35079d1617f1afe3376.png",
  "墨镜": "bilibili_face/3a03aebfc06339d86a68c2d893303b46f4b85771.png",
  "撇嘴": "bilibili_face/531863568e5668c5ac181d395508a0eeb1f0cda4.png",
  "难过": "bilibili_face/a651db36701610aa70a781fa98c07c9789b11543.png",
  "抓狂": "bilibili_face/4c87afff88c22439c45b79e9d2035d21d5622eba.png",
  "生气": "bilibili_face/3195714219c4b582a4fb02033dd1519913d0246d.png",
  "干杯": "bilibili_face/8da12d5f55a2c7e9778dcc05b40571979fe208e6.png",
  "爱心": "bilibili_face/ed04066ea7124106d17ffcaf75600700e5442f5c.png",
  "锦鲤": "bilibili_face/643d6c19c8164ffd89e3e9cdf093cf5d773d979c.png",
  "胜利": "bilibili_face/b49fa9f4b1e7c3477918153b82c60b114d87347c.png",
  "加油": "bilibili_face/c7aaeacb21e107292d3bb053e5abde4a4459ed30.png",
  "保佑": "bilibili_face/fafe8d3de0dc139ebe995491d2dac458a865fb30.png",
  "抱拳": "bilibili_face/89516218158dbea18ab78e8873060bf95d33bbbe.png",
  "响指": "bilibili_face/1b5c53cf14336903e1d2ae3527ca380a1256a077.png",
  "支持": "bilibili_face/3c210366a5585706c09d4c686a9d942b39feeb50.png",
  "拥抱": "bilibili_face/41780a4254750cdaaccb20735730a36044e98ef3.png",
  "怪我咯": "bilibili_face/07cc6077f7f7d75b8d2c722dd9d9828a9fb9e46d.png",
  "跪了": "bilibili_face/f2b3aee7e521de7799d4e3aa379b01be032698ac.png",
  "黑洞": "bilibili_face/e90ec4c799010f25391179118ccd9f66b3b279ba.png",
  "老鼠": "bilibili_face/8e6fb491eb1bb0d5862e7ec8ccf9a3da12b6c155.png",
  "福到了": "bilibili_face/5de5373d354c373cf1617b6b836f3a8d53c5a655.png",
  "热词_AWSL": "bilibili_hot/AWSL.jpg",
  "热词_三连": "bilibili_hot/三连.jpg",
  "热词_不愧是你": "bilibili_hot/不愧是你.jpg",
  "热词_你币有了": "bilibili_hot/你币有了.jpg",
  "热词_你细品": "bilibili_hot/你细品.jpg",
  "热词_危": "bilibili_hot/危.jpg",
  "热词_可以": "bilibili_hot/可以.jpg",
  "热词_吹爆": "bilibili_hot/吹爆.jpg",
  "热词_咕咕": "bilibili_hot/咕咕.jpg",
  "热词_大师球": "bilibili_hot/大师球.jpg",
  "热词_奥利给": "bilibili_hot/奥利给.jpg",
  "热词_妙": "bilibili_hot/妙.jpg",
  "热词_完结撒花": "bilibili_hot/完结撒花.jpg",
  "热词_害": "bilibili_hot/害.jpg",
  "热词_张三": "bilibili_hot/张三.png",
  "热词_我全都要": "bilibili_hot/我全都要.jpg",
  "热词_我哭了": "bilibili_hot/我哭了.jpg",
  "热词_我太南了": "bilibili_hot/我太南了.jpg",
  "热词_我裂开了": "bilibili_hot/我裂开了.png",
  "热词_我酸了": "bilibili_hot/我酸了.jpg",
  "热词_打卡": "bilibili_hot/打卡.jpg",
  "热词_有内味了": "bilibili_hot/有内味了.jpg",
  "热词_有生之年": "bilibili_hot/有生之年.jpg",
  "热词_标准结局": "bilibili_hot/标准结局.png",
  "热词_爱了爱了": "bilibili_hot/爱了爱了.png",
  "热词_爷关更": "bilibili_hot/爷关更.jpg",
  "热词_狼火": "bilibili_hot/狼火.jpg",
  "热词_猛男必看": "bilibili_hot/猛男必看.jpg",
  "热词_真香": "bilibili_hot/真香.jpg",
  "热词_知识增加": "bilibili_hot/知识增加.png",
  "热词_知识盲区": "bilibili_hot/知识盲区.jpg",
  "热词_神仙UP": "bilibili_hot/神仙UP.jpg",
  "热词_秀": "bilibili_hot/秀.jpg",
  "热词_这次一定": "bilibili_hot/这次一定.jpg",
  "热词_递话筒": "bilibili_hot/递话筒.png",
  "热词_锤": "bilibili_hot/锤.jpg",
  "热词_镇站之宝": "bilibili_hot/镇站之宝.jpg",
  "热词_问号": "bilibili_hot/问号.png",
  "热词_高产": "bilibili_hot/高产.jpg",
  "小电视_发愁": "bilibili_stv/小电视_发愁.png",
  "小电视_吃惊": "bilibili_stv/小电视_吃惊.png",
  "小电视_哭泣": "bilibili_stv/小电视_哭泣.png",
  "小电视_嘟嘴": "bilibili_stv/小电视_嘟嘴.png",
  "小电视_困惑": "bilibili_stv/小电视_困惑.png",
  "小电视_太太喜欢": "bilibili_stv/小电视_太太喜欢.png",
  "小电视_好怒啊": "bilibili_stv/小电视_好怒啊.png",
  "小电视_害羞": "bilibili_stv/小电视_害羞.png",
  "小电视_差评": "bilibili_stv/小电视_差评.png",
  "小电视_思索": "bilibili_stv/小电视_思索.png",
  "小电视_我好兴奋": "bilibili_stv/小电视_我好兴奋.png",
  "小电视_无语": "bilibili_stv/小电视_无语.png",
  "小电视_汗": "bilibili_stv/小电视_汗.png",
  "小电视_笑": "bilibili_stv/小电视_笑.png",
  "小电视_赞": "bilibili_stv/小电视_赞.png",
  "2233娘_卖萌": "bilibili_2233/2233娘_卖萌.png",
  "2233娘_吃惊": "bilibili_2233/2233娘_吃惊.png",
  "2233娘_吐魂": "bilibili_2233/2233娘_吐魂.png",
  "2233娘_喝水": "bilibili_2233/2233娘_喝水.png",
  "2233娘_困惑": "bilibili_2233/2233娘_困惑.png",
  "2233娘_大哭": "bilibili_2233/2233娘_大哭.png",
  "2233娘_大笑": "bilibili_2233/2233娘_大笑.png",
  "2233娘_委屈": "bilibili_2233/2233娘_委屈.png",
  "2233娘_怒": "bilibili_2233/2233娘_怒.png",
  "2233娘_无言": "bilibili_2233/2233娘_无言.png",
  "2233娘_汗": "bilibili_2233/2233娘_汗.png",
  "2233娘_疑问": "bilibili_2233/2233娘_疑问.png",
  "2233娘_第一": "bilibili_2233/2233娘_第一.png",
  "2233娘_耶": "bilibili_2233/2233娘_耶.png",
  "2233娘_郁闷": "bilibili_2233/2233娘_郁闷.png"
}